parte	caracteres	compressao	testes_unidade	testes	erros	redundancia
31	18678	0.43553540142224056	6	15	5	0.5710859867000393
32	26874	0.418211091234347	9	26	8	0.5816893827077733
33	21205	0.4293323703335891	6	16	2	0.5783539980501401
34	14104	0.4430353855594191	3	13	5	0.605466102524926
35	8770	0.4571584699453552	2	10	2	0.5686779738406498
36	10808	0.4497500892538379	4	9	1	0.6106297767886931
37	8886	0.4558951018638925	3	7	2	0.5787953479264046
38	9049	0.471656050955414	2	10	3	0.5734587681793425
39	13540	0.45174596401393924	3	11	1	0.6123727297498898
40	9413	0.4556237218813906	3	11	3	0.5597780841507021
41	16648	0.41814159292035397	4	9	2	0.5139017429716466
42	15951	0.42560574698648485	3	15	4	0.5957391904952006
43	12553	0.42957474724087363	2	-	-	0.6337546527687403
44	9222	0.4515959680806384	3	7	3	0.5448214610210502
45	10392	0.44413459750883066	2	8	1	0.5857072057883738
46	8854	0.4366922234392114	3	-	-	0.555654961097569
47	11835	0.4299568087360443	3	-	-	0.5751528383432245
48	9717	0.450585111613728	3	12	5	0.5640483357619449
49	8666	0.4555765595463138	3	9	2	0.5062611916680033
50	11270	0.4454405737704918	3	13	4	0.5248935786050657
51	8097	0.45327324478178366	4	7	2	0.5718749693294655
52	8617	0.45973416731821737	4	8	2	0.5514669832054
